Good_static_1789105259998_25a13a,Good,static,0,1,False,0.40945160388946533,0.6402355432510376,-1.8223181541543454e-07,0.4504963457584381,0.5206497311592102,0.003734090132638812,0.4583566188812256,0.44318464398384094,-0.029661694541573524,0.4546787142753601,0.3863290250301361,-0.062168244272470474,0.44258710741996765,0.29545748233795166,-0.09268826246261597,0.4171919822692871,0.43376147747039795,-0.12312977015972137,0.4919848144054413,0.45587554574012756,-0.15338443219661713,0.4883088171482086,0.49704989790916443,-0.13772152364253998,0.4666290581226349,0.510652482509613,-0.12480444461107254,0.4078617990016937,0.4994039535522461,-0.14626556634902954,0.4897245764732361,0.5105699896812439,-0.16796299815177917,0.4743057191371918,0.5487973690032959,-0.12616875767707825,0.44716426730155945,0.55091392993927,-0.10163084417581558,0.4004184305667877,0.5711517333984375,-0.16577684879302979,0.4697634279727936,0.5786347985267639,-0.1820065677165985,0.4550037980079651,0.6064871549606323,-0.1343884915113449,0.4297948479652405,0.6027984023094177,-0.10925467312335968,0.39796608686447144,0.6292357444763184,-0.1853763908147812,0.4377128481864929,0.6497852802276611,-0.20542892813682556,0.43421098589897156,0.6495985388755798,-0.19219526648521423,0.4171886742115021,0.6401905417442322,-0.1854211986064911
Nice_dynamic_1789105440595_1a4c25,Nice,dynamic,0,30,False,0.2770310640335083,0.846855103969574,3.7466313074219215e-07,0.312774658203125,0.7741260528564453,-0.021335674449801445,0.32858172059059143,0.6686537265777588,-0.027856284752488136,0.3422260880470276,0.5828229188919067,-0.03361457586288452,0.3596549928188324,0.5242356061935425,-0.0388474203646183,0.27451175451278687,0.5685718059539795,-0.00773513363674283,0.27489978075027466,0.4695073068141937,-0.019052276387810707,0.2747860550880432,0.4058636426925659,-0.03147568553686142,0.2738410532474518,0.3510408103466034,-0.04127541929483414,0.24013817310333252,0.5791835784912109,-0.008115872740745544,0.22019430994987488,0.48201605677604675,-0.0164523646235466,0.20686280727386475,0.4186839461326599,-0.026996437460184097,0.19601695239543915,0.36555731296539307,-0.03557995706796646,0.21282687783241272,0.6109724640846252,-0.012205577455461025,0.1918027102947235,0.5237553119659424,-0.021723506972193718,0.1803695261478424,0.463830828666687,-0.03081071376800537,0.17185598611831665,0.4098246097564697,-0.037995822727680206,0.18973998725414276,0.660331666469574,-0.019059326499700546,0.16329404711723328,0.6045075058937073,-0.02985970675945282,0.14607635140419006,0.5663286447525024,-0.0350564643740654,0.13149911165237427,0.5270592570304871,-0.038428936153650284
Nice_dynamic_1789105440595_1a4c25,Nice,dynamic,1,30,False,0.27668496966362,0.8442556262016296,3.7493131799237744e-07,0.3133084177970886,0.7729099988937378,-0.02165500447154045,0.3288635313510895,0.6670466065406799,-0.02805408649146557,0.3426956832408905,0.5805196762084961,-0.033544935286045074,0.3601972460746765,0.5221806764602661,-0.03842100128531456,0.274614542722702,0.5680850744247437,-0.008314916864037514,0.2749655842781067,0.4696127772331238,-0.01959182880818844,0.2750534117221832,0.40639758110046387,-0.03171801567077637,0.27444931864738464,0.351656436920166,-0.04126039892435074,0.24010516703128815,0.5777661204338074,-0.00831152405589819,0.22015415132045746,0.48139047622680664,-0.016600674018263817,0.20688733458518982,0.4189906120300293,-0.02654840238392353,0.19611825048923492,0.36671188473701477,-0.03457451984286308,0.2128244787454605,0.6086131930351257,-0.012053113430738449,0.19163231551647186,0.522874116897583,-0.02165517956018448,0.18063589930534363,0.4638751745223999,-0.03002871945500374,0.17235751450061798,0.41111892461776733,-0.03648271784186363,0.18980051577091217,0.6568944454193115,-0.018611319363117218,0.16375374794006348,0.5998312830924988,-0.02945231832563877,0.14682871103286743,0.5605465173721313,-0.03440131992101669,0.13243505358695984,0.5204072594642639,-0.037447571754455566
Nice_dynamic_1789105440595_1a4c25,Nice,dynamic,2,30,False,0.27702566981315613,0.8436297178268433,3.713251714998478e-07,0.31343966722488403,0.7716952562332153,-0.02124749682843685,0.32898736000061035,0.6662729382514954,-0.02767023630440235,0.34272632002830505,0.5804499387741089,-0.033230822533369064,0.36014214158058167,0.5219632387161255,-0.03820612281560898,0.2750250995159149,0.5677875876426697,-0.008108687587082386,0.27565446496009827,0.46995973587036133,-0.01940886862576008,0.2758903503417969,0.4071628153324127,-0.03165099397301674,0.275196373462677,0.3527316153049469,-0.041285816580057144,0.24068807065486908,0.5775880813598633,-0.008338619023561478,0.22132650017738342,0.4824432134628296,-0.016759267076849937,0.2082432061433792,0.42066729068756104,-0.026975184679031372,0.19748513400554657,0.3686240613460541,-0.03525978699326515,0.2133912742137909,0.6085589528083801,-0.012247206643223763,0.19241009652614594,0.5240962505340576,-0.021865636110305786,0.18143993616104126,0.4659022092819214,-0.030316375195980072,0.17324218153953552,0.4131656885147095,-0.036891091614961624,0.1903652399778366,0.6569649577140808,-0.01891942508518696,0.1639280915260315,0.6004779934883118,-0.02969645895063877,0.14689460396766663,0.5611854195594788,-0.03461435064673424,0.13255538046360016,0.5204319953918457,-0.0377035029232502
Nice_dynamic_1789105440595_1a4c25,Nice,dynamic,3,30,False,0.2765396237373352,0.8450856804847717,3.9887569869279105e-07,0.31277894973754883,0.773261308670044,-0.021849311888217926,0.32796892523765564,0.6677952408790588,-0.028281301259994507,0.3421286940574646,0.5813301801681519,-0.033721957355737686,0.3595726490020752,0.5229282379150391,-0.03831274434924126,0.27394431829452515,0.5693739652633667,-0.00737521518021822,0.27469906210899353,0.47007888555526733,-0.018119048327207565,0.2750956118106842,0.4063381552696228,-0.029929570853710175,0.2747315764427185,0.3522632122039795,-0.03908195346593857,0.2394048273563385,0.5794258713722229,-0.00685403635725379,0.2199048101902008,0.4820484519004822,-0.014198129996657372,0.20670850574970245,0.41979289054870605,-0.02359289489686489,0.19627973437309265,0.36862435936927795,-0.031064379960298538,0.21218201518058777,0.6105595231056213,-0.01008680835366249,0.19131970405578613,0.5251957774162292,-0.018416646867990494,0.1804235875606537,0.46757179498672485,-0.025924308225512505,0.17272646725177765,0.4167819619178772,-0.031772371381521225,0.18961626291275024,0.6592156887054443,-0.01622668281197548,0.16471683979034424,0.6040099859237671,-0.02557954750955105,0.14802774786949158,0.5661585330963135,-0.02951207384467125,0.13393040001392365,0.5282787680625916,-0.03180069848895073
Nice_dynamic_1789105440595_1a4c25,Nice,dynamic,4,30,False,0.2762816250324249,0.8462722897529602,3.815702598330972e-07,0.31275561451911926,0.773716151714325,-0.02143007144331932,0.32799389958381653,0.6683079600334167,-0.027930954471230507,0.3415037989616394,0.5817548632621765,-0.0336340069770813,0.35951781272888184,0.5238811373710632,-0.038738757371902466,0.27405625581741333,0.5693975687026978,-0.008134124800562859,0.2750198245048523,0.47075575590133667,-0.01969168148934841,0.2753283977508545,0.4073525071144104,-0.03205166012048721,0.274877667427063,0.35278767347335815,-0.04171113297343254,0.23967662453651428,0.5793202519416809,-0.0084256986156106,0.22018541395664215,0.48216018080711365,-0.016985638067126274,0.20733146369457245,0.4193485975265503,-0.02700614370405674,0.1969049721956253,0.36709457635879517,-0.034929823130369186,0.21250644326210022,0.6106523871421814,-0.012433504685759544,0.191496342420578,0.5240398645401001,-0.022308461368083954,0.18055030703544617,0.46500372886657715,-0.030679423362016678,0.17247185111045837,0.4122985601425171,-0.03698616102337837,0.1898156702518463,0.660191535949707,-0.019232701510190964,0.16412511467933655,0.6035299897193909,-0.030268998816609383,0.147312194108963,0.5645596385002136,-0.03512777388095856,0.13289737701416016,0.5250641107559204,-0.03798895701766014
Nice_dynamic_1789105440595_1a4c25,Nice,dynamic,5,30,False,0.2761712074279785,0.8424909710884094,3.5712915291696845e-07,0.31130194664001465,0.7695627212524414,-0.019925139844417572,0.3253830075263977,0.6635822653770447,-0.025624604895710945,0.3389297127723694,0.5802240371704102,-0.030831899493932724,0.35787278413772583,0.5277286171913147,-0.03581440448760986,0.27205756306648254,0.5669263601303101,-0.00819065235555172,0.27162572741508484,0.4685961604118347,-0.019271928817033768,0.2696853280067444,0.40487295389175415,-0.031466662883758545,0.26663288474082947,0.3513830602169037,-0.04131270945072174,0.23656104505062103,0.5785403251647949,-0.009268774650990963,0.21411074697971344,0.4814267158508301,-0.017751285806298256,0.20051324367523193,0.4211551547050476,-0.028064889833331108,0.1895715296268463,0.3728126883506775,-0.036356668919324875,0.20899386703968048,0.610535204410553,-0.013764478266239166,0.18647968769073486,0.5230845808982849,-0.023574255406856537,0.17323604226112366,0.46272745728492737,-0.03300945460796356,0.16284394264221191,0.40979039669036865,-0.040424998849630356,0.18637606501579285,0.6600267887115479,-0.02079976722598076,0.16027116775512695,0.6041297912597656,-0.032246753573417664,0.1424880027770996,0.5654206871986389,-0.03799479827284813,0.1272965520620346,0.5260241031646729,-0.041696418076753616
Nice_dynamic_1789105440595_1a4c25,Nice,dynamic,6,30,False,0.2776607573032379,0.8315808176994324,-6.962629583995295e-08,0.302881121635437,0.7554112672805786,-0.010955793783068657,0.30865925550460815,0.6583707332611084,-0.016375381499528885,0.3154902756214142,0.5805875062942505,-0.024628261104226112,0.3323262929916382,0.534574568271637,-0.03269854187965393,0.2519975006580353,0.5974231958389282,-0.00011305014049867168,0.22118952870368958,0.5208679437637329,-0.016696341335773468,0.22461248934268951,0.5274097323417664,-0.031016694381833076,0.23601378500461578,0.5565181970596313,-0.038554251194000244,0.22363832592964172,0.6243142485618591,-0.00388616812415421,0.18714158236980438,0.5483322739601135,-0.02249985933303833,0.2023419737815857,0.5699383020401001,-0.03497816249728203,0.22180193662643433,0.608963668346405,-0.03965926170349121,0.2008427083492279,0.662035346031189,-0.010402693413197994,0.1604747474193573,0.5845696926116943,-0.02588750794529915,0.17666426301002502,0.6014747619628906,-0.02993016131222248,0.19679735600948334,0.6391845941543579,-0.028965085744857788,0.18119487166404724,0.7091183066368103,-0.018517402932047844,0.15050220489501953,0.6586551666259766,-0.02951780892908573,0.1614871621131897,0.6625476479530334,-0.03051978349685669,0.17841148376464844,0.685667872428894,-0.028546368703246117
Nice_dynamic_1789105440595_1a4c25,Nice,dynamic,7,30,False,0.28356894850730896,0.8268270492553711,-2.888411074764008e-07,0.2991906702518463,0.7442549467086792,-0.015139222145080566,0.2952421009540558,0.648878812789917,-0.024548068642616272,0.29009929299354553,0.5864720344543457,-0.034207962453365326,0.29345211386680603,0.5311352610588074,-0.04187425971031189,0.21556173264980316,0.5867437124252319,-0.008814086206257343,0.24258160591125488,0.5977960824966431,-0.034986164420843124,0.2706384062767029,0.6492937803268433,-0.0538400337100029,0.2888239920139313,0.685154139995575,-0.06171082332730293,0.18482133746147156,0.627960741519928,-0.009578309021890163,0.22361242771148682,0.6455335021018982,-0.03339418023824692,0.2588527500629425,0.6973239183425903,-0.04174664989113808,0.28194156289100647,0.7293183207511902,-0.0415746308863163,0.16625964641571045,0.683992326259613,-0.013554402627050877,0.203018918633461,0.6969453692436218,-0.03595350310206413,0.23923438787460327,0.7357481122016907,-0.03469524905085564,0.2620788514614105,0.758819043636322,-0.027158884331583977,0.15790826082229614,0.7480089664459229,-0.019183393567800522,0.18226704001426697,0.7466982007026672,-0.033412013202905655,0.21486493945121765,0.7643171548843384,-0.02989649772644043,0.2357415109872818,0.7736921906471252,-0.02147386409342289
Nice_dynamic_1789105440595_1a4c25,Nice,dynamic,8,30,False,0.2539833188056946,0.8213984370231628,-2.3018911576855317e-07,0.2694490849971771,0.7293795943260193,-0.018598124384880066,0.25161248445510864,0.6265931129455566,-0.02661420963704586,0.23340636491775513,0.5626127123832703,-0.03275478258728981,0.2230892926454544,0.501167893409729,-0.03665955737233162,0.1813347339630127,0.6293148398399353,-0.022997865453362465,0.2399364560842514,0.6621734499931335,-0.046677328646183014,0.2589564919471741,0.6949894428253174,-0.06228700652718544,0.24626149237155914,0.6944196820259094,-0.07324845343828201,0.1562502384185791,0.6878278851509094,-0.023786474019289017,0.22988928854465485,0.731379508972168,-0.043735988438129425,0.251226544380188,0.7521849870681763,-0.05101434513926506,0.23823104798793793,0.7421154379844666,-0.05710284411907196,0.14618603885173798,0.7502802014350891,-0.02733122557401657,0.21369671821594238,0.7881904244422913,-0.04710780829191208,0.23642051219940186,0.8014628291130066,-0.046307556331157684,0.22522057592868805,0.790702223777771,-0.046037618070840836,0.14362618327140808,0.8109657764434814,-0.033091019839048386,0.19651511311531067,0.8394933938980103,-0.04783053323626518,0.21833369135856628,0.8473796844482422,-0.04914272576570511,0.2132730782032013,0.8406386971473694,-0.04911896958947182
Nice_dynamic_1789105440595_1a4c25,Nice,dynamic,9,30,False,0.2338493913412094,0.806975245475769,-3.905405776549742e-07,0.2523249089717865,0.7211529016494751,-0.024418914690613747,0.2358371764421463,0.6243023872375488,-0.03488250821828842,0.21723291277885437,0.5633907318115234,-0.042865242809057236,0.2023940533399582,0.502050518989563,-0.04885092377662659,0.16201531887054443,0.6400909423828125,-0.034635014832019806,0.2281774878501892,0.6705504655838013,-0.05866769328713417,0.2519656717777252,0.7028823494911194,-0.07226219773292542,0.24141885340213776,0.7112390398979187,-0.08141213655471802,0.13817182183265686,0.7073652148246765,-0.03279706835746765,0.2269618809223175,0.7456279993057251,-0.05175340920686722,0.24839834868907928,0.7640329003334045,-0.05729701370000839,0.2318846881389618,0.760015606880188,-0.06315422058105469,0.1322382539510727,0.7763898372650146,-0.03340363875031471,0.21332624554634094,0.8074768781661987,-0.05108865723013878,0.2349764108657837,0.8177456855773926,-0.04817427694797516,0.22080020606517792,0.8153435587882996,-0.04766011983156204,0.13391870260238647,0.8457617163658142,-0.0370878204703331,0.1957179754972458,0.8676860332489014,-0.050204046070575714,0.21924932301044464,0.8667770624160767,-0.0501629114151001,0.21494516730308533,0.8616983890533447,-0.049681879580020905
Nice_dynamic_1789105440595_1a4c25,Nice,dynamic,10,30,False,0.20954829454421997,0.8095940947532654,-2.67747111593053e-07,0.24000778794288635,0.7305004596710205,-0.029013145714998245,0.2284100353717804,0.6236559748649597,-0.03847735747694969,0.20252619683742523,0.5580391883850098,-0.043015919625759125,0.18331463634967804,0.5028792023658752,-0.04315802827477455,0.172110453248024,0.6572141647338867,-0.04934799671173096,0.22968067228794098,0.689608633518219,-0.07475031167268753,0.23501335084438324,0.7072452306747437,-0.0834994688630104,0.21787422895431519,0.7033182978630066,-0.08725390583276749,0.13615071773529053,0.722228467464447,-0.042799726128578186,0.23772341012954712,0.7769250273704529,-0.05727037787437439,0.22728997468948364,0.766582727432251,-0.05213713273406029,0.19410903751850128,0.7517824172973633,-0.04986066743731499,0.127610445022583,0.7916873097419739,-0.03918292000889778,0.22123077511787415,0.8340897560119629,-0.05511843040585518,0.21313422918319702,0.83230060338974,-0.04053661972284317,0.18349583446979523,0.827538251876831,-0.029386410489678383,0.12867605686187744,0.8595514893531799,-0.03961263597011566,0.1984369307756424,0.8857156038284302,-0.0576564259827137,0.19930586218833923,0.8793244957923889,-0.05665046349167824,0.18140453100204468,0.8753025531768799,-0.051602840423583984
Nice_dynamic_1789105440595_1a4c25,Nice,dynamic,11,30,False,0.21124973893165588,0.8218445777893066,-3.007726547821221e-07,0.2405560314655304,0.7349181771278381,-0.028663696721196175,0.22894921898841858,0.6269043684005737,-0.03866870701313019,0.20401230454444885,0.5567827820777893,-0.04399269074201584,0.18321458995342255,0.4993785619735718,-0.04562941566109657,0.16700518131256104,0.6575477123260498,-0.04665255919098854,0.23238055408000946,0.6909878253936768,-0.06807390600442886,0.23822927474975586,0.7128027081489563,-0.07554981857538223,0.2184746265411377,0.7074504494667053,-0.08072405308485031,0.13502292335033417,0.724733293056488,-0.04128574579954147,0.23394083976745605,0.774263858795166,-0.05579328536987305,0.2270267754793167,0.7703761458396912,-0.05493592098355293,0.1946680247783661,0.7530646920204163,-0.05735538527369499,0.12586373090744019,0.794275164604187,-0.03823741525411606,0.21611569821834564,0.8348698019981384,-0.05232059583067894,0.21210724115371704,0.832665741443634,-0.043317317962646484,0.18337075412273407,0.8222286105155945,-0.03857821226119995,0.12482042610645294,0.8619830012321472,-0.039088353514671326,0.19360759854316711,0.888234555721283,-0.05417660251259804,0.19741660356521606,0.884967565536499,-0.05538028106093407,0.1800222396850586,0.8820714950561523,-0.054646093398332596
Nice_dynamic_1789105440595_1a4c25,Nice,dynamic,12,30,False,0.2005564421415329,0.8000379800796509,-2.444952542646206e-07,0.23476266860961914,0.7282552719116211,-0.028427155688405037,0.22882001101970673,0.6218785047531128,-0.03906892612576485,0.20412328839302063,0.5503051280975342,-0.04491464048624039,0.18421465158462524,0.4947269558906555,-0.047000207006931305,0.17077268660068512,0.6566280722618103,-0.053008247166872025,0.22896960377693176,0.6975217461585999,-0.07765894383192062,0.22739872336387634,0.7078945636749268,-0.08664570748806,0.20837520062923431,0.6947805881500244,-0.09102582186460495,0.1326092779636383,0.7237264513969421,-0.046496160328388214,0.23442970216274261,0.7841408252716064,-0.06003956496715546,0.2176702320575714,0.7672377228736877,-0.054276932030916214,0.1854390799999237,0.747770369052887,-0.05158919841051102,0.12236395478248596,0.7936131954193115,-0.04207652434706688,0.21676498651504517,0.8398283123970032,-0.057457778602838516,0.20576927065849304,0.8301558494567871,-0.04144475981593132,0.17829297482967377,0.8202609419822693,-0.028710288926959038,0.12091860175132751,0.8607893586158752,-0.041660014539957047,0.1926637589931488,0.8916651010513306,-0.05869964137673378,0.19167035818099976,0.8822010159492493,-0.05624109134078026,0.17438223958015442,0.874812126159668,-0.04988157004117966
Nice_dynamic_1789105440595_1a4c25,Nice,dynamic,13,30,False,0.19991439580917358,0.797692060470581,-2.3493599599078152e-07,0.23252400755882263,0.7267821431159973,-0.028035543859004974,0.22741162776947021,0.6217870712280273,-0.03854775428771973,0.2047465741634369,0.5509330034255981,-0.04448479041457176,0.18628349900245667,0.49455371499061584,-0.0467730388045311,0.1709473878145218,0.6551728248596191,-0.05161445215344429,0.22974681854248047,0.6987974643707275,-0.0746048241853714,0.22890175879001617,0.7066134214401245,-0.08245699107646942,0.21083295345306396,0.6925604343414307,-0.08608639240264893,0.13315576314926147,0.7226353287696838,-0.04517686739563942,0.2347998470067978,0.787143349647522,-0.05727016553282738,0.21808215975761414,0.7681474685668945,-0.05105220526456833,0.1867561936378479,0.7469276785850525,-0.04808574169874191,0.1225205510854721,0.7928992509841919,-0.040760818868875504,0.21564365923404694,0.842413604259491,-0.05506978556513786,0.20460233092308044,0.8318394422531128,-0.03865816444158554,0.1778920739889145,0.8211612105369568,-0.02556605450809002,0.12087774276733398,0.8613840341567993,-0.04041816294193268,0.18905165791511536,0.8913240432739258,-0.056931350380182266,0.18687380850315094,0.8830068111419678,-0.053922802209854126,0.16949568688869476,0.8778432011604309,-0.047006458044052124
Nice_dynamic_1789105440595_1a4c25,Nice,dynamic,14,30,False,0.1998262256383896,0.7960166931152344,-2.236819938161716e-07,0.23224316537380219,0.7251011729240417,-0.02868056297302246,0.22714677453041077,0.6207161545753479,-0.039837926626205444,0.2050166130065918,0.5496370792388916,-0.04629454389214516,0.18622957170009613,0.4922996759414673,-0.04903800040483475,0.17068758606910706,0.657889723777771,-0.052808940410614014,0.2303468883037567,0.700837254524231,-0.07720734924077988,0.22962473332881927,0.7068082690238953,-0.086369588971138,0.21088866889476776,0.6907746195793152,-0.09083490073680878,0.13320966064929962,0.7256460785865784,-0.04612232744693756,0.23539064824581146,0.7890368700027466,-0.058348894119262695,0.21941956877708435,0.769015371799469,-0.05165356397628784,0.1873759925365448,0.7463929653167725,-0.04854932799935341,0.12277881056070328,0.7956424951553345,-0.04164668917655945,0.21680402755737305,0.8442870378494263,-0.05590342730283737,0.20594830811023712,0.8323928117752075,-0.038370829075574875,0.17847324907779694,0.8196719884872437,-0.024648243561387062,0.12143558263778687,0.8628975749015808,-0.04137974977493286,0.18984322249889374,0.8929300308227539,-0.05769740417599678,0.18799057602882385,0.882922887802124,-0.053924642503261566,0.17091558873653412,0.8761392831802368,-0.046539098024368286
Nice_dynamic_1789105440595_1a4c25,Nice,dynamic,15,30,False,0.20080745220184326,0.7936961650848389,-2.385928041803709e-07,0.23298145830631256,0.7237586975097656,-0.02803407981991768,0.22820478677749634,0.620026171207428,-0.03881288319826126,0.2059435248374939,0.5510395765304565,-0.04513075575232506,0.18865631520748138,0.49329686164855957,-0.0478181317448616,0.17063678801059723,0.6538321375846863,-0.05213528126478195,0.22827944159507751,0.6971150636672974,-0.07651278376579285,0.2287835329771042,0.703732967376709,-0.08547157049179077,0.21099527180194855,0.6891322135925293,-0.08945517987012863,0.13197670876979828,0.723032534122467,-0.045735593885183334,0.23402635753154755,0.7848854064941406,-0.058184556663036346,0.21913419663906097,0.7655658721923828,-0.05160469189286232,0.18830302357673645,0.7457078695297241,-0.04804377257823944,0.12152904272079468,0.7929415106773376,-0.0414561964571476,0.21497973799705505,0.8411392569541931,-0.05561414733529091,0.20550715923309326,0.828518807888031,-0.03795481473207474,0.17967185378074646,0.817167341709137,-0.023729883134365082,0.12002591788768768,0.8608271479606628,-0.041375044733285904,0.18875014781951904,0.8899450302124023,-0.057559363543987274,0.1884540468454361,0.8798271417617798,-0.05359862372279167,0.17251452803611755,0.8734086155891418,-0.045637380331754684
Nice_dynamic_1789105440595_1a4c25,Nice,dynamic,16,30,False,0.20381344854831696,0.7943207025527954,-2.520189354981994e-07,0.235030859708786,0.7253211140632629,-0.02879907935857773,0.22803282737731934,0.6207676529884338,-0.04009314626455307,0.20576761662960052,0.5508815050125122,-0.04685208946466446,0.18966616690158844,0.4922257661819458,-0.049511417746543884,0.16963355243206024,0.6543830037117004,-0.05257933586835861,0.22627794742584229,0.6986877918243408,-0.07725264877080917,0.22881560027599335,0.7078586220741272,-0.08555077761411667,0.21069347858428955,0.6935757398605347,-0.08909804373979568,0.13190889358520508,0.7244565486907959,-0.04621731862425804,0.23406030237674713,0.7884880304336548,-0.058870840817689896,0.22077445685863495,0.7697818279266357,-0.05124891549348831,0.18850252032279968,0.7491350173950195,-0.04688500985503197,0.12267087399959564,0.7946798801422119,-0.042357731610536575,0.2168390452861786,0.8446834683418274,-0.056736741214990616,0.2082514464855194,0.8322746753692627,-0.038581423461437225,0.18098333477973938,0.8206611275672913,-0.024196496233344078,0.12231846153736115,0.8627645373344421,-0.042796310037374496,0.19116279482841492,0.8940616250038147,-0.05890289321541786,0.191667377948761,0.8829987049102783,-0.054935261607170105,0.17580366134643555,0.8750418424606323,-0.04722277447581291
Nice_dynamic_1789105440595_1a4c25,Nice,dynamic,17,30,False,0.20413674414157867,0.7916363477706909,-2.2282546296992223e-07,0.23504091799259186,0.7237977981567383,-0.02971896529197693,0.22837577760219574,0.620274007320404,-0.04232332482933998,0.20724910497665405,0.549996554851532,-0.05033775046467781,0.19035759568214417,0.49032479524612427,-0.0542827732861042,0.1695520430803299,0.6520289182662964,-0.054379552602767944,0.22742721438407898,0.6989101767539978,-0.07910002022981644,0.23016762733459473,0.7049270272254944,-0.08671148121356964,0.21245425939559937,0.6890949606895447,-0.08960878103971481,0.13184165954589844,0.7220317721366882,-0.04776059091091156,0.2346383035182953,0.7873654961585999,-0.06066237762570381,0.22088131308555603,0.7673503756523132,-0.05259839817881584,0.1897360384464264,0.7459886074066162,-0.047824736684560776,0.12222431600093842,0.7930247783660889,-0.0435786210000515,0.2171144336462021,0.8427801132202148,-0.05812108889222145,0.20836418867111206,0.8298572301864624,-0.03954235464334488,0.18209707736968994,0.8173121809959412,-0.024690473452210426,0.12184202671051025,0.8613834381103516,-0.043742429465055466,0.19123993813991547,0.8921246528625488,-0.05924447625875473,0.19129124283790588,0.8815822005271912,-0.05464452877640724,0.17541289329528809,0.8740624785423279,-0.04648185521364212
Nice_dynamic_1789105440595_1a4c25,Nice,dynamic,18,30,False,0.20704753696918488,0.7909362316131592,-2.5326590957774897e-07,0.2376558482646942,0.7216635346412659,-0.027903534471988678,0.2317274808883667,0.6175798177719116,-0.03879694268107414,0.21154478192329407,0.5499324798583984,-0.04526538401842117,0.19623856246471405,0.49432438611984253,-0.04781464487314224,0.17144140601158142,0.648227334022522,-0.052497029304504395,0.22571656107902527,0.6944183111190796,-0.07633239030838013,0.23090797662734985,0.7008038759231567,-0.0838281661272049,0.21481169760227203,0.6856167316436768,-0.08675111830234528,0.1338917762041092,0.7183171510696411,-0.04657231643795967,0.23307660222053528,0.7821558713912964,-0.05895295739173889,0.22303235530853271,0.7634698748588562,-0.05139526352286339,0.1931966245174408,0.7445316314697266,-0.046917498111724854,0.12484826147556305,0.7886503338813782,-0.04290932044386864,0.21794290840625763,0.8376266360282898,-0.056522004306316376,0.21164020895957947,0.8253625631332397,-0.03869558870792389,0.1860613226890564,0.8138972520828247,-0.02474759891629219,0.12463568150997162,0.8569374084472656,-0.04348071664571762,0.1956029236316681,0.8889122009277344,-0.058908965438604355,0.19905148446559906,0.8788853883743286,-0.055150922387838364,0.18502795696258545,0.870094358921051,-0.0476849228143692
Nice_dynamic_1789105440595_1a4c25,Nice,dynamic,19,30,False,0.20966066420078278,0.797653317451477,-2.850446207958157e-07,0.2403600811958313,0.7233304977416992,-0.02871735207736492,0.23225891590118408,0.6201007962226868,-0.040722012519836426,0.21205070614814758,0.550179123878479,-0.047954533249139786,0.19629496335983276,0.491596519947052,-0.051220498979091644,0.1711060106754303,0.6480156183242798,-0.054588545113801956,0.23102480173110962,0.6984371542930603,-0.07829411327838898,0.23668381571769714,0.7100607752799988,-0.08521384000778198,0.2193221151828766,0.6972776651382446,-0.0886107012629509,0.1360325962305069,0.7170073986053467,-0.04880072921514511,0.23420870304107666,0.7804211974143982,-0.06320803612470627,0.2265148013830185,0.7664642930030823,-0.05772079527378082,0.1955948770046234,0.7482845783233643,-0.055631253868341446,0.12635111808776855,0.7865577340126038,-0.045071616768836975,0.21826566755771637,0.8348181843757629,-0.059657324105501175,0.21429762244224548,0.8252097368240356,-0.04475530609488487,0.18813876807689667,0.8136865496635437,-0.03416028246283531,0.12505441904067993,0.8543058633804321,-0.04546382278203964,0.19443291425704956,0.8842209577560425,-0.06120140105485916,0.19917938113212585,0.8757286667823792,-0.05946754291653633,0.18491992354393005,0.8677582144737244,-0.05482611805200577
Nice_dynamic_1789105440595_1a4c25,Nice,dynamic,20,30,False,0.21289381384849548,0.8013640642166138,-2.8196916446177056e-07,0.24070525169372559,0.722663164138794,-0.02894129604101181,0.2319418489933014,0.6245150566101074,-0.04070908576250076,0.2133931964635849,0.5552548170089722,-0.04801074042916298,0.19897755980491638,0.49064651131629944,-0.05204521119594574,0.16555054485797882,0.6467316150665283,-0.0470295213162899,0.22657625377178192,0.6926647424697876,-0.06849759817123413,0.2363475263118744,0.7080548405647278,-0.07683947682380676,0.22143712639808655,0.6980960965156555,-0.0819491371512413,0.13288654386997223,0.713475227355957,-0.0416058748960495,0.22752726078033447,0.7700921893119812,-0.05473992973566055,0.22662287950515747,0.7639144062995911,-0.05386798456311226,0.1991909146308899,0.7478927373886108,-0.05624471232295036,0.12298787385225296,0.7823095917701721,-0.03838786110281944,0.21119056642055511,0.8265419602394104,-0.05134874954819679,0.21143776178359985,0.8218065500259399,-0.04157901555299759,0.18603847920894623,0.8086435198783875,-0.036326128989458084,0.12177958339452744,0.8515504002571106,-0.03917502984404564,0.18763138353824615,0.8823441863059998,-0.052800532430410385,0.1961439996957779,0.8744025826454163,-0.05211737006902695,0.18332365155220032,0.8649746775627136,-0.04992924630641937
Nice_dynamic_1789105440595_1a4c25,Nice,dynamic,21,30,False,0.20517100393772125,0.8074665069580078,-3.7615993164763495e-07,0.22988763451576233,0.7216916084289551,-0.027268700301647186,0.21823345124721527,0.6180747747421265,-0.03898031637072563,0.1990518867969513,0.5481880903244019,-0.04705042019486427,0.1835276484489441,0.4832751452922821,-0.05274822935461998,0.14391657710075378,0.645374059677124,-0.043358076363801956,0.2069634050130844,0.6839940547943115,-0.06745834648609161,0.2292517125606537,0.7112627625465393,-0.07961767911911011,0.2176208347082138,0.7119364738464355,-0.08729331195354462,0.11547818034887314,0.7128650546073914,-0.03977632522583008,0.20679126679897308,0.7561757564544678,-0.05644071102142334,0.22478632628917694,0.7667497396469116,-0.059190165251493454,0.20604676008224487,0.7595778107643127,-0.06358293443918228,0.10732616484165192,0.7811034321784973,-0.03842177614569664,0.19230295717716217,0.8148342967033386,-0.055500514805316925,0.2108103632926941,0.8208292126655579,-0.050306450575590134,0.19635432958602905,0.8152813911437988,-0.04800650477409363,0.10760053247213364,0.8511330485343933,-0.0404229611158371,0.17148563265800476,0.8747567534446716,-0.05590050667524338,0.1956695318222046,0.8687533736228943,-0.05621890351176262,0.19485047459602356,0.8578118681907654,-0.05499131977558136
Nice_dynamic_1789105440595_1a4c25,Nice,dynamic,22,30,False,0.19088907539844513,0.8153626918792725,-3.869623412811052e-07,0.2102469652891159,0.7264546155929565,-0.02716083452105522,0.19538037478923798,0.6222391128540039,-0.03971697762608528,0.17500203847885132,0.5554863214492798,-0.04862077161669731,0.1623634696006775,0.4886127710342407,-0.05543975532054901,0.1144290417432785,0.6430180668830872,-0.04208093136548996,0.1762607991695404,0.6832248568534851,-0.06722582876682281,0.20386704802513123,0.7089669704437256,-0.0810699611902237,0.1971977800130844,0.709354043006897,-0.08945175260305405,0.08759580552577972,0.7133373022079468,-0.03840857744216919,0.1735251396894455,0.754820704460144,-0.056781671941280365,0.19979742169380188,0.7646435499191284,-0.06071155145764351,0.1906352937221527,0.7560993432998657,-0.06518757343292236,0.07863724231719971,0.7824621200561523,-0.03692208603024483,0.15984036028385162,0.8179993629455566,-0.05414969474077225,0.18631507456302643,0.8178560137748718,-0.05111486837267876,0.18220368027687073,0.8070437908172607,-0.050016745924949646,0.07836871594190598,0.8525538444519043,-0.038689788430929184,0.1408814936876297,0.8752783536911011,-0.0518680214881897,0.17100325226783752,0.8672192096710205,-0.051544684916734695,0.17698679864406586,0.8542373180389404,-0.050016723573207855
Nice_dynamic_1789105440595_1a4c25,Nice,dynamic,23,30,False,0.20474529266357422,0.8164998292922974,-3.946657614051219e-07,0.22919782996177673,0.728593111038208,-0.029020003974437714,0.22312921285629272,0.6290939450263977,-0.046557679772377014,0.20943018794059753,0.5576335191726685,-0.06002262979745865,0.19942423701286316,0.4877789318561554,-0.07076247036457062,0.14021381735801697,0.6387063264846802,-0.047489095479249954,0.19832730293273926,0.6967521905899048,-0.07324212044477463,0.21817460656166077,0.7188878059387207,-0.08740073442459106,0.2094079852104187,0.7119763493537903,-0.09702827781438828,0.11212273687124252,0.703940749168396,-0.04427570477128029,0.19473186135292053,0.76467365026474,-0.06425195932388306,0.21106232702732086,0.7701064348220825,-0.07055556774139404,0.1950671523809433,0.7566049695014954,-0.07731519639492035,0.10177561640739441,0.7716041803359985,-0.042846959084272385,0.1807267665863037,0.819713830947876,-0.05966074764728546,0.19945134222507477,0.8202571868896484,-0.057997774332761765,0.18741711974143982,0.8083266615867615,-0.058806538581848145,0.09989787638187408,0.8403890132904053,-0.04488598555326462,0.16445043683052063,0.872550368309021,-0.05688056722283363,0.18389096856117249,0.8688783645629883,-0.05807125195860863,0.17828699946403503,0.8598031997680664,-0.05879765748977661
Nice_dynamic_1789105440595_1a4c25,Nice,dynamic,24,30,False,0.21620143949985504,0.8017550706863403,-3.5286282695778937e-07,0.2421727031469345,0.7193455696105957,-0.027038464322686195,0.24559321999549866,0.6290322542190552,-0.04416625201702118,0.24078261852264404,0.5618176460266113,-0.0580843910574913,0.23496192693710327,0.49448370933532715,-0.07002822309732437,0.16531190276145935,0.6383982300758362,-0.046443622559309006,0.21864068508148193,0.6869507431983948,-0.07082325965166092,0.24389401078224182,0.702127993106842,-0.08487769961357117,0.2452886998653412,0.6935070157051086,-0.09380627423524857,0.13879305124282837,0.6992766261100769,-0.043481506407260895,0.218117356300354,0.7595243453979492,-0.061416592448949814,0.24064752459526062,0.7634910345077515,-0.06683965772390366,0.23575957119464874,0.7480939626693726,-0.0728406012058258,0.12884289026260376,0.7642182111740112,-0.0420093908905983,0.20646435022354126,0.8125062584877014,-0.057106323540210724,0.22801457345485687,0.8097538948059082,-0.054888367652893066,0.22349345684051514,0.7943578958511353,-0.05507967621088028,0.12728235125541687,0.8287283182144165,-0.043798238039016724,0.18797782063484192,0.8638682961463928,-0.05383286252617836,0.20886953175067902,0.8599140644073486,-0.05302484333515167,0.20956572890281677,0.8496297597885132,-0.05226142704486847
Nice_dynamic_1789105440595_1a4c25,Nice,dynamic,25,30,False,0.26735347509384155,0.7902732491493225,-3.7593082424791646e-07,0.301523894071579,0.7277892231941223,-0.043107397854328156,0.3128398060798645,0.646586000919342,-0.0734253078699112,0.31261932849884033,0.57664954662323,-0.09552191197872162,0.3094448149204254,0.502744734287262,-0.11518899351358414,0.2500711679458618,0.6427430510520935,-0.08988019824028015,0.29828375577926636,0.6931922435760498,-0.1296401470899582,0.3028753399848938,0.7042739987373352,-0.1537051647901535,0.2844861149787903,0.6889699697494507,-0.17100393772125244,0.2186690717935562,0.6958789229393005,-0.08119726926088333,0.29647207260131836,0.7747595906257629,-0.11411795020103455,0.3055275082588196,0.774176299571991,-0.12056397646665573,0.28658220171928406,0.7490670680999756,-0.12818560004234314,0.2010144591331482,0.7501094937324524,-0.07396037131547928,0.2754267156124115,0.8180295825004578,-0.0985579714179039,0.28292179107666016,0.8142247200012207,-0.0891542136669159,0.2648198902606964,0.7921231389045715,-0.0853193923830986,0.18936224281787872,0.80516517162323,-0.0714702233672142,0.24595075845718384,0.8576517701148987,-0.09298014640808105,0.25722336769104004,0.8546159267425537,-0.09344778209924698,0.2461792528629303,0.8342893123626709,-0.09339576959609985
Nice_dynamic_1789105440595_1a4c25,Nice,dynamic,26,30,False,0.3042387366294861,0.8112509250640869,-3.302816082850768e-07,0.3358719050884247,0.7426593899726868,-0.024911612272262573,0.3453925549983978,0.6463230848312378,-0.03758985549211502,0.3423239588737488,0.5729234218597412,-0.04639178887009621,0.3372480869293213,0.5080668926239014,-0.05253339931368828,0.28210437297821045,0.6363774538040161,-0.04489292949438095,0.3237423896789551,0.6908044815063477,-0.06710328906774521,0.3283816874027252,0.7092610001564026,-0.07737286388874054,0.314292848110199,0.6975222826004028,-0.08405008167028427,0.2503686249256134,0.6866089105606079,-0.0416458323597908,0.32151108980178833,0.7666141986846924,-0.057126984000205994,0.3239383399486542,0.7689016461372375,-0.05840599909424782,0.30293214321136475,0.7490331530570984,-0.061848245561122894,0.2356148064136505,0.7451964020729065,-0.0400860458612442,0.30352458357810974,0.8163277506828308,-0.052349839359521866,0.30695000290870667,0.8156585693359375,-0.044485870748758316,0.28856736421585083,0.7961673140525818,-0.04123421758413315,0.227263942360878,0.8058894276618958,-0.04208599776029587,0.2819632589817047,0.8589590787887573,-0.054641734808683395,0.2889849543571472,0.8576552271842957,-0.05513633042573929,0.27505049109458923,0.8446964025497437,-0.05454900488257408
Nice_dynamic_1789105440595_1a4c25,Nice,dynamic,27,30,False,0.3150123953819275,0.8136230111122131,-2.9178346494518337e-07,0.3505508303642273,0.7439271211624146,-0.024052048102021217,0.36674511432647705,0.6587120294570923,-0.03596800938248634,0.3678353428840637,0.5870508551597595,-0.04447406902909279,0.36531421542167664,0.5149528980255127,-0.052023448050022125,0.3219703435897827,0.6486730575561523,-0.043545011430978775,0.380906879901886,0.7244914770126343,-0.06443575769662857,0.3690773546695709,0.7378237843513489,-0.07846860587596893,0.34778982400894165,0.7273468375205994,-0.08964775502681732,0.29365643858909607,0.7020529508590698,-0.04140344634652138,0.36833319067955017,0.787428617477417,-0.052818089723587036,0.35205376148223877,0.7780014276504517,-0.054770577698946,0.3309389054775238,0.7569504380226135,-0.06178414076566696,0.2782885432243347,0.7620112895965576,-0.04082677513360977,0.3480251431465149,0.8357782959938049,-0.050715863704681396,0.33345893025398254,0.827052891254425,-0.042695626616477966,0.3119445741176605,0.8046227097511292,-0.04086274653673172,0.26928579807281494,0.8213757872581482,-0.04418773576617241,0.32397574186325073,0.8664727807044983,-0.05680675432085991,0.31455516815185547,0.8585510849952698,-0.05691928043961525,0.2936512231826782,0.844915509223938,-0.057394806295633316
Nice_dynamic_1789105440595_1a4c25,Nice,dynamic,28,30,False,0.3195035457611084,0.831160306930542,-1.7102244953548507e-07,0.35739031434059143,0.7525516748428345,-0.02444547414779663,0.37006229162216187,0.6576864123344421,-0.03571963310241699,0.3715463876724243,0.5868436098098755,-0.043375853449106216,0.36810430884361267,0.5149931907653809,-0.049429748207330704,0.32465440034866333,0.6506342887878418,-0.04616805911064148,0.38480257987976074,0.7203496694564819,-0.07239048182964325,0.3796619474887848,0.7379116415977478,-0.08826705068349838,0.359798401594162,0.7249449491500854,-0.09960155934095383,0.29852643609046936,0.7039172649383545,-0.04539006948471069,0.3732666075229645,0.7819878458976746,-0.06395691633224487,0.3631872236728668,0.7752056121826172,-0.0666005089879036,0.3413791060447693,0.755308210849762,-0.07205219566822052,0.28393110632896423,0.766213059425354,-0.04682310298085213,0.35362499952316284,0.8319563865661621,-0.06394356489181519,0.346098929643631,0.8223137855529785,-0.05600495636463165,0.3279816806316376,0.798188328742981,-0.05181434750556946,0.2764274775981903,0.8262466192245483,-0.05173882842063904,0.33199456334114075,0.8688541054725647,-0.0695013478398323,0.3281564712524414,0.8566902279853821,-0.07040924578905106,0.3126193881034851,0.8391129374504089,-0.069901242852211
Nice_dynamic_1789105440595_1a4c25,Nice,dynamic,29,30,False,0.320346862077713,0.8165453672409058,-1.8190445416621515e-07,0.3548961281776428,0.7451934218406677,-0.02378222346305847,0.3704172670841217,0.6568241715431213,-0.03479720279574394,0.3731011152267456,0.5857442617416382,-0.04243522509932518,0.36854928731918335,0.5132346153259277,-0.04921584948897362,0.3318515717983246,0.6556232571601868,-0.04633238911628723,0.3909580409526825,0.7290253043174744,-0.07081615924835205,0.3820851743221283,0.7401337027549744,-0.08620531857013702,0.3613128662109375,0.7239885330200195,-0.0976841151714325,0.30541932582855225,0.7088788747787476,-0.04586530849337578,0.3774707317352295,0.7896206378936768,-0.06173968315124512,0.3637430965900421,0.7787247896194458,-0.06378218531608582,0.34111127257347107,0.757033109664917,-0.06992371380329132,0.28991588950157166,0.7704205513000488,-0.04724739119410515,0.3573102056980133,0.8364854454994202,-0.06252770870923996,0.34574735164642334,0.8250954151153564,-0.05434880405664444,0.32617461681365967,0.8012280464172363,-0.05078495666384697,0.28174692392349243,0.8286970853805542,-0.052074819803237915,0.3361986577510834,0.8698043823242188,-0.06841720640659332,0.330001562833786,0.8570807576179504,-0.06825513392686844,0.31270915269851685,0.8416844606399536,-0.06763002276420593
